{
    "data": 
   {
       "core_usage": [0, 1, 2, 3, 4, 5, 6, 7, 8],
       "core_score": [0, 1759.810484607669, 3409.88317245402, 4924.1098615396295, 6345.982250300419, 6928.55703904671, 7458.239551259366, 7925.99858874571, 8314.356455040328]
   }
}