{
    "data": 
   {
       "core_usage": [0, 1.0, 2.0, 3.0, 4.0, 5.0, 6.0, 7.0, 8.0],
       "core_score": [0, 1871.8514833470233, 3156.3804256999115, 4090.4860347774106, 4818.564424904719, 5147.098973424829, 5401.866506205447, 5618.495024630752, 5826.84127182209]
   }
}