{
    "data": 
   {
       "core_usage": [0, 1.0, 2.0, 3.0, 4.0, 5.0, 6.0, 7.0, 8.0, 9.0, 10.0, 11.0, 12.0, 13.0, 14.0, 15.0, 16.0],
       "core_score": [2386.024806953221, 4526.459310973703, 6475.60243396496, 8140.720534487184, 9605.025694476819, 10947.32667988256, 12182.461278224058, 13213.834169435946, 13668.89574102258, 14002.221526235686, 14353.455089903744, 14635.629770971254, 14807.939954467789, 15081.084781717458, 15118.07363214705, 15192.267489697608]
   }
}