{
    "data": 
   {
       "core_usage": [0, 1, 2, 3, 4],
       "core_score": [0, 252.787942743039, 492.33380042203095, 718.7915254416426, 923.0487016247499]
   }
}