{
    "data": 
   {
       "core_usage": [0, 1.0, 2.0, 3.0, 4.0, 5.0, 6.0, 7.0, 8.0, 9.0, 10.0, 11.0, 12.0, 13.0, 14.0, 15.0, 16.0, 17.0, 18.0, 19.0, 20.0, 21.0, 22.0, 23.0, 24.0, 25.0, 26.0, 27.0, 28.0, 29.0, 30.0, 31.0, 32.0, 33.0, 34.0, 35.0, 36.0, 37.0, 38.0, 39.0, 40.0, 41.0, 42.0, 43.0, 44.0, 45.0, 46.0, 47.0, 48.0, 49.0, 50.0, 51.0, 52.0, 53.0, 54.0, 55.0, 56.0, 57.0, 58.0, 59.0, 60.0, 61.0, 62.0, 63.0, 64.0, 65.0, 66.0, 67.0, 68.0, 69.0, 70.0, 71.0, 72.0, 73.0, 74.0, 75.0, 76.0, 77.0, 78.0, 79.0, 80.0, 81.0, 82.0, 83.0, 84.0, 85.0, 86.0, 87.0, 88.0, 89.0, 90.0, 91.0, 92.0, 93.0, 94.0, 95.0, 96.0, 97.0, 98.0, 99.0, 100.0, 101.0, 102.0, 103.0, 104.0, 105.0, 106.0, 107.0, 108.0, 109.0, 110.0, 111.0, 112.0],
       "core_score": [0, 1964.327480979462, 3894.583655119094, 5709.264459941009, 7533.56083602389, 9158.32938261237, 10680.863029739132, 12237.345059203835, 13876.230630789252, 15332.739384864275, 16695.422174642477, 18177.617250216972, 19627.39724519749, 21057.835099588636, 22415.850461414717, 23742.99849785426, 25085.14158314139, 26341.1710507325, 27529.60620063852, 28693.71463583061, 29853.151700871935, 30973.0631174162, 32035.28566005183, 33009.13253377966, 33977.68369710353, 34806.40496469196, 35676.47198544114, 36493.716158187475, 37320.69532595222, 38014.17152767197, 38661.72305119729, 39334.70771589511, 40001.04532312499, 40366.86355029938, 40751.00549269588, 41221.47820147735, 42001.40232208851, 42506.41114628943, 43171.59696842396, 43581.333445146025, 44084.93035662405, 44327.790344739224, 44420.08432206424, 44925.025934239624, 45489.51226442267, 45907.97597868924, 46429.5103320134, 46887.96724325059, 47143.8682668302, 47487.41960570594, 47811.83403692142, 48018.942788928696, 48658.611687408375, 48716.371646435095, 49032.5424825638, 49427.309287999065, 49784.20694504292, 50231.06811966744, 50600.83053616829, 51133.13527060972, 51496.759157490604, 51960.56511063395, 52505.939210913326, 52823.87808026879, 53259.2161399336, 53471.30068920948, 53725.757654797206, 54170.99560309202, 54370.52770994118, 54655.014821659985, 54896.01169286481, 54967.96464831255, 55236.87448861057, 55443.58888231385, 55662.828061171705, 55823.87014583635, 56180.71179619628, 56302.49542857315, 56568.65164058115, 56822.82958784068, 57020.156238298834, 57184.84940475148, 57314.84588397558, 57443.99028146379, 57609.245679249965, 57860.756931761396, 58133.86222171026, 58323.60802159097, 58285.916139280365, 58582.45737080704, 58604.317550511834, 58709.629476557355, 58961.944753399766, 59049.96137697055, 59168.31828831675, 59250.95055458235, 59261.58265437545, 59370.87861196191, 59512.325751249205, 59596.74941558736, 59771.22260014305, 59878.62164801436, 59980.41858136355, 60029.737910763644, 60254.7462772538, 60327.599185873805, 60465.55886774088, 60497.441948167296, 60514.001633182605, 60454.24466174987, 60717.422667203806, 60762.39679846429, 60853.91065052773]
    }
}