{
    "data": 
   {
       "core_usage": [0, 1.0, 2.0, 3.0, 4.0, 5.0, 6.0, 7.0, 8.0, 9.0, 10.0, 11.0, 12.0, 13.0, 14.0, 15.0, 16.0, 17.0, 18.0, 19.0, 20.0, 21.0, 22.0, 23.0, 24.0, 25.0, 26.0, 27.0, 28.0],
       "core_score": [0, 1213.2686133152338, 2391.299194063071, 3544.823496419629, 4672.27996287014, 5769.171510569861, 6837.764932428135, 7879.045903326405, 8894.000397613923, 9882.251753783541, 10842.425340835778, 11786.321760644872, 12717.10839999576, 13630.997283560315, 14505.183828963098, 14862.182552113974, 15213.561209419102, 15549.497230987583, 15891.929494125347, 16210.733337206622, 16517.878316909948, 16812.24104749566, 17114.483682670223, 17409.525281003785, 17683.098321924426, 17948.33003101128, 18254.026663468267, 18489.26833522201, 18766.801016785514]
    }
}