{
    "data": 
   {
       "core_usage": [0, 1.0, 2.0, 3.0, 4.0, 5.0, 6.0, 7.0, 8.0],
       "core_consumption": [7, 30.160999999999998, 26.29, 28.4175, 27.607999999999997, 27.67, 29.14, 27.56, 28.65]
   }
}